{
    "PR": {
        "media": 648.9612940496822,
        "mediana": 650.0,
        "moda": 850.0,
        "desvio_padrao": 98.60718591309755
    },
    "RS": {
        "media": 648.9612940496822,
        "mediana": 650.0,
        "moda": 850.0,
        "desvio_padrao": 98.60718591309755
    },
    "SC": {
        "media": 648.9612940496822,
        "mediana": 650.0,
        "moda": 850.0,
        "desvio_padrao": 98.60718591309755
    }
}